{
  "" : {
    "transaction" : "",
    "sampleCount" : 725,
    "errorCount" : 0,
    "errorPct" : 0.0,
    "meanResTime" : 732.409655172414,
    "medianResTime" : 691.0,
    "minResTime" : 268.0,
    "maxResTime" : 2751.0,
    "pct1ResTime" : 1089.6,
    "pct2ResTime" : 1352.099999999999,
    "pct3ResTime" : 2136.0200000000013,
    "throughput" : 42.69226239547756,
    "receivedKBytesPerSec" : 38.52309614591921,
    "sentKBytesPerSec" : 80.78665323945943
  },
  "-3" : {
    "transaction" : "-3",
    "sampleCount" : 407,
    "errorCount" : 0,
    "errorPct" : 0.0,
    "meanResTime" : 229.45454545454533,
    "medianResTime" : 175.0,
    "minResTime" : 67.0,
    "maxResTime" : 1743.0,
    "pct1ResTime" : 416.2,
    "pct2ResTime" : 553.7999999999984,
    "pct3ResTime" : 1308.76,
    "throughput" : 24.699599465954606,
    "receivedKBytesPerSec" : 5.571882301401868,
    "sentKBytesPerSec" : 11.722661465287048
  },
  "Total" : {
    "transaction" : "Total",
    "sampleCount" : 3008,
    "errorCount" : 0,
    "errorPct" : 0.0,
    "meanResTime" : 200.9906914893623,
    "medianResTime" : 171.0,
    "minResTime" : 65.0,
    "maxResTime" : 1998.0,
    "pct1ResTime" : 270.0,
    "pct2ResTime" : 406.5499999999997,
    "pct3ResTime" : 1282.2799999999988,
    "throughput" : 181.32497438061364,
    "receivedKBytesPerSec" : 40.904364337814215,
    "sentKBytesPerSec" : 85.77255165320393
  },
  "-4" : {
    "transaction" : "-4",
    "sampleCount" : 396,
    "errorCount" : 0,
    "errorPct" : 0.0,
    "meanResTime" : 184.5757575757576,
    "medianResTime" : 168.5,
    "minResTime" : 67.0,
    "maxResTime" : 1376.0,
    "pct1ResTime" : 257.3,
    "pct2ResTime" : 343.29999999999995,
    "pct3ResTime" : 1298.0,
    "throughput" : 25.253491486512342,
    "receivedKBytesPerSec" : 5.696832552133155,
    "sentKBytesPerSec" : 11.985543810981444
  },
  "-5" : {
    "transaction" : "-5",
    "sampleCount" : 389,
    "errorCount" : 0,
    "errorPct" : 0.0,
    "meanResTime" : 191.3341902313623,
    "medianResTime" : 172.0,
    "minResTime" : 67.0,
    "maxResTime" : 1587.0,
    "pct1ResTime" : 256.0,
    "pct2ResTime" : 340.5,
    "pct3ResTime" : 1234.8000000000002,
    "throughput" : 24.95989733718319,
    "receivedKBytesPerSec" : 5.630601840712223,
    "sentKBytesPerSec" : 11.821826375521335
  },
  "-6" : {
    "transaction" : "-6",
    "sampleCount" : 380,
    "errorCount" : 0,
    "errorPct" : 0.0,
    "meanResTime" : 203.20263157894735,
    "medianResTime" : 170.0,
    "minResTime" : 67.0,
    "maxResTime" : 1998.0,
    "pct1ResTime" : 256.80000000000007,
    "pct2ResTime" : 404.0499999999998,
    "pct3ResTime" : 1377.0099999999993,
    "throughput" : 24.078063616778607,
    "receivedKBytesPerSec" : 5.431672554175643,
    "sentKBytesPerSec" : 11.404160990368775
  },
  "-7" : {
    "transaction" : "-7",
    "sampleCount" : 371,
    "errorCount" : 0,
    "errorPct" : 0.0,
    "meanResTime" : 197.1455525606468,
    "medianResTime" : 169.0,
    "minResTime" : 66.0,
    "maxResTime" : 1418.0,
    "pct1ResTime" : 257.8,
    "pct2ResTime" : 392.4,
    "pct3ResTime" : 1267.3999999999999,
    "throughput" : 23.929308565531475,
    "receivedKBytesPerSec" : 5.398115506482198,
    "sentKBytesPerSec" : 11.1467579939048
  },
  "-8" : {
    "transaction" : "-8",
    "sampleCount" : 363,
    "errorCount" : 0,
    "errorPct" : 0.0,
    "meanResTime" : 193.09366391184582,
    "medianResTime" : 172.0,
    "minResTime" : 67.0,
    "maxResTime" : 1854.0,
    "pct1ResTime" : 264.20000000000005,
    "pct2ResTime" : 311.6000000000001,
    "pct3ResTime" : 1099.8400000000067,
    "throughput" : 22.99214593362047,
    "receivedKBytesPerSec" : 5.186704795572587,
    "sentKBytesPerSec" : 10.822474941411198
  },
  "-9" : {
    "transaction" : "-9",
    "sampleCount" : 357,
    "errorCount" : 0,
    "errorPct" : 0.0,
    "meanResTime" : 206.70868347338936,
    "medianResTime" : 172.0,
    "minResTime" : 66.0,
    "maxResTime" : 1642.0,
    "pct1ResTime" : 270.4,
    "pct2ResTime" : 435.8999999999997,
    "pct3ResTime" : 1314.9600000000005,
    "throughput" : 23.12925170068027,
    "receivedKBytesPerSec" : 5.217633928571429,
    "sentKBytesPerSec" : 10.999946853741497
  },
  "-10" : {
    "transaction" : "-10",
    "sampleCount" : 345,
    "errorCount" : 0,
    "errorPct" : 0.0,
    "meanResTime" : 201.23188405797097,
    "medianResTime" : 170.0,
    "minResTime" : 65.0,
    "maxResTime" : 1804.0,
    "pct1ResTime" : 282.2000000000001,
    "pct2ResTime" : 409.09999999999974,
    "pct3ResTime" : 1288.4,
    "throughput" : 22.12673165726013,
    "receivedKBytesPerSec" : 4.991479504713956,
    "sentKBytesPerSec" : 10.523162419028989
  }
}